"Film","Year","Body_Count","MPAA_Rating","Genre","Director","Length_Minutes"
"24 Hour Party People",2002,7,"R","Biography|Comedy|Drama|Music","Michael Winterbottom",117
"28 Days Later",2002,53,"R","Horror|Sci-Fi|Thriller","Danny Boyle",113
"28 Weeks Later",2007,212,"R","Horror|Sci-Fi|Thriller","Juan Carlos Fresnadillo",100
"30 Days of Night",2007,67,"R","Horror|Thriller","David Slade",113
300,2007,600,"R","Action|Fantasy|History|War","Zack Snyder",117
"3:10 To Yuma",2007,45,"R","Adventure|Crime|Drama|Western","James Mangold",122
"8MM",1999,1,"R","Crime|Mystery|Thriller","Joel Schumacher",123
"A Better Tomorrow",1986,65,"R","Action|Crime|Drama|Thriller","John Woo",95
"A Better Tomorrow II",1987,199,"R","Action|Crime|Drama|Thriller","John Woo",105
"A Bridge Too Far",1977,243,"PG","Drama|History|War","Richard Attenborough",175
"A Christmas Story",1983,4,"PG","Comedy|Family","Bob Clark",94
"A Clockwork Orange",1971,7,"X","Crime|Drama|Sci-Fi","Stanley Kubrick",136
"A Fistful of Dollars",1964,109,"M","Western","Sergio Leone",99
"A Fistful of Dynamite",1971,471,"PG","Adventure|Western","Sergio Leone",138
"A History of Violence",2005,13,"R","Crime|Drama|Thriller","David Cronenberg",96
"A Man Apart",2003,39,"R","Action|Crime|Drama|Thriller","F. Gary Gray",109
"A Nightmare on Elm Street",1984,4,"R","Horror","Wes Craven",91
"Above the Law",1988,18,"R","Action|Crime|Drama|Thriller","Andrew Davis",99
"Action Jackson",1988,17,"R","Action|Comedy|Crime|Thriller","Craig R. Baxley",96
"Aeon Flux",2005,58,"PG-13","Action|Sci-Fi","Karyn Kusama",93
"Air Force One",1997,54,"R","Action|Adventure|Drama","Wolfgang Petersen",124
"Akira",1988,119,"R","Animation|Horror|Sci-Fi","Katsuhiro Ohtomo",124
"Alexander",2005,119,"R","Action|Adventure|Biography","Oliver Stone",175
"Ali G Indahouse",2002,11,"R","Comedy","Mark Mylod",85
"Alien",1979,1,"R","Horror|Sci-Fi","Ridley Scott",117
"Aliens",1986,68,"R","Action|Adventure|Sci-Fi","James Cameron",137
"Aliens vs. Predator: Requiem",2007,5,"R","Action|Horror|Sci-Fi|Thriller","Colin Strause|Greg Strause",94
"Alpha Dog",2007,3,"R","Biography|Crime|Drama","Nick Cassavetes",122
"Altered States",1980,5,"R","Drama|Fantasy|Horror|Sci-Fi|Thriller","Ken Russell",102
"American Gangster",2007,15,"R","Biography|Crime|Drama","Ridley Scott",157
"American Ninja",1985,114,"R","Action|Adventure|Romance|Sport","Sam Firstenberg",95
"American Pop",1981,61,"R","Animation|Drama|Music","Ralph Bakshi",96
"American Psycho",2000,18,"R","Crime|Drama","Mary Harron",102
"American Yakuza",1993,53,"R","Action|Crime|Drama|Thriller","Frank A. Cappello",96
"Another Day In Paradise",1997,9,"R","Crime|Drama|Thriller","Larry Clark",101
"Apocalypse Now",1979,62,"R","Drama|War","Francis Ford Coppola",153
"Apocalypto",2006,114,"R","Action|Adventure|Drama|Thriller","Mel Gibson",139
"Appaloosa",2008,10,"R","Crime|Drama|Western","Ed Harris",115
"Aqua Teen Hunger Force Colon Movie Film for Theaters",2007,67,"R","Animation|Action|Adventure","Matt Maiellaro|Dave Willis",86
"Armageddon",1998,16,"PG-13","Action|Adventure|Sci-Fi|Thriller","Michael Bay",151
"Assault On Precinct 13",1976,39,"R","Action|Crime|Thriller","John Carpenter",91
"Assault On Precinct 13",2005,21,"R","Action|Drama|Crime|Thriller","Jean-Francois Richet",109
"Atonement",2007,34,"R","Drama|Mystery|Romance|War","Joe Wright",123
"Austin Powers in Goldmember",2002,6,"PG-13","Action|Comedy|Crime","Jay Roach",94
"Bad Boys",1995,30,"R","Action|Comedy|Crime|Drama|Thriller","Michael Bay",118
"Bad Boys II",2003,63,"R","Action|Comedy|Crime|Thriller","Michael Bay",147
"Bangkok Dangerous",2008,38,"R","Action|Crime|Thriller","Oxide Pang Chun|Danny Pang",99
"Barton Fink",1991,3,"R","Drama|Mystery","Joel Coen|Ethan Coen",116
"Batman",1989,56,"PG-13","Action|Thriller","Tim Burton",126
"Batman Begins",2005,18,"PG-13","Action|Adventure|Crime|Drama","Christopher Nolan",140
"Batman Returns",1992,18,"PG-13","Action|Fantasy","Tim Burton",126
"Battlefield Earth",2000,51,"PG-13","Action|Sci-Fi","Roger Christian",118
"Behind Enemy Lines",2001,96,"PG-13","Action|War|Drama","John Moore",106
"Beowulf",2007,51,"PG-13","Animation|Action|Adventure","Robert Zemeckis",115
"Big Trouble In Little China",1986,46,"PG-13","Action|Adventure|Comedy|Fantasy","John Carpenter",99
"Black Dynamite",2009,66,"R","Action|Comedy","Scott Sanders",84
"Black Hawk Down",2001,135,"R","Drama|History|War","Ridley Scott",144
"Blade",1998,111,"R","Action|Fantasy|Horror","Stephen Norrington",120
"Blade II",2002,98,"R","Action|Horror|Sci-Fi|Thriller","Guillermo del Toro",117
"Blade Runner",1982,5,"R","Drama|Sci-Fi|Thriller","Ridley Scott",117
"Blade: Trinity",2004,140,"R","Action|Adventure|Fantasy|Horror|Sci-Fi|Thriller","David S. Goyer",113
"Blood Diamond",2006,187,"R","Adventure|Drama|Thriller","Edward Zwick",143
"Blood and Chocolate",2007,256,"PG-13","Drama|Fantasy|Horror","Katja von Garnier",98
"BloodRayne",2006,102,"R","Action|Adventure|Fantasy|Horror","Uwe Boll",95
"Braindead",1992,72,"R","Comedy|Horror","Peter Jackson",104
"Braveheart",1995,184,"R","Action|Biography|Drama|History|War","Mel Gibson",177
"Brazil",1985,25,"R","Drama|Fantasy|Sci-Fi","Terry Gilliam",132
"Bridge of Dragons",1999,109,"R","Action|Romance|Sci-Fi|Thriller","Isaac Florentine",92
"Broken Arrow",1996,25,"R","Action|Adventure|Thriller","John Woo",108
"Brotherhood of the Wolf",2001,40,"R","Action|Adventure|History","Christophe Gans",142
"Buffalo Soldiers",2001,16,"R","Comedy|Crime|Drama|Thriller|War","Gregor Jordan",98
"Bullet in the Head",1990,214,"Unrated","Crime|Drama|Thriller","John Woo",136
"Bulletproof Monk",2003,37,"PG-13","Action|Comedy|Fantasy","Paul Hunter",104
"Cabin Fever",2002,19,"R","Horror|Sci-Fi","Eli Roth",93
"Casino",1995,25,"R","Biography|Crime|Drama","Martin Scorsese",178
"Casino Royale",2006,54,"PG-13","Action|Crime|Thriller","Martin Campbell",144
"Charlie Wilson's War",2007,22,"R","Biography|Comedy|Drama|History","Mike Nichols",102
"Charlie's Angels: Full Throttle",2003,39,"PG-13","Action|Adventure|Comedy|Crime","McG",106
"Children of Men",2006,77,"R","Adventure|Drama|Sci-Fi|Thriller","Alfonso Cuaron",109
"Chimes at Midnight",1965,148,"Unrated","Comedy|Drama|War","Orson Welles",115
"Christine",1983,6,"R","Drama|Horror|Mystery|Thriller","John Carpenter",110
"Chronicles of Narnia: The Lion, the Witch & the Wardrobe",2005,86,"PG","Adventure|Family|Fantasy","Andrew Adamson",143
"Circus",2000,8,"R","Crime|Thriller|Drama","Rob Walker",95
"City of God",2002,60,"R","Crime|Drama","Fernando Meirelles|Katia Lund",130
"Class of 1999",1990,43,"R","Action|Horror|Sci-Fi","Mark L. Lester",99
"Clear & Present Danger",1994,41,"PG-13","Action|Drama|Thriller","Phillip Noyce",141
"Cloverfield",2008,27,"PG-13","Action|Sci-Fi|Thriller","Matt Reeves",85
"Collateral",2004,17,"R","Crime|Drama|Thriller","Michael Mann",120
"Collateral Damage",2002,90,"R","Action|Drama|Thriller","Andrew Davis",108
"Come Drink With Me",1966,213,"Unrated","Crime","King Hu",95
"Come and See",1985,75,"Unrated","Drama|History|War","Elem Klimov",140
"Commando",1985,88,"R","Action|Thriller","Mark L. Lester",90
"Companeros",1970,133,"R","Western|Comedy","Sergio Corbucci",118
"Con Air",1997,30,"R","Action|Crime|Thriller","Simon West",115
"Conan the Barbarian",1982,114,"R","Action|Fantasy|Adventure","John Milius",129
"Confessions of a",2002,50,"R","Biography|Comedy|Crime|Drama|Thriller","George Clooney",113
"Congo",1995,92,"PG-13","Action|Adventure|Mystery","Frank Marshall",109
"Conspiracy Theory",1997,7,"R","Action|Crime|Mystery|Romance|Thriller","Richard Donner",135
"Constantine",2005,7,"R","Fantasy|Horror","Francis Lawrence",121
"Contract Killer",1998,25,"R","Action|Comedy","Wei Tung",103
"Cradle 2 the Grave",2003,13,"R","Action|Crime|Drama|Thriller","Andrzej Bartkowiak",101
"Crank",2006,29,"R","Action|Crime|Thriller","Mark Neveldine|Brian Taylor",88
"Creepshow",1982,15,"R","Comedy|Horror","George A. Romero",120
"Crime Spree",2003,20,"R","Action|Comedy|Crime","Brad Mirman",98
"Cross of Iron",1977,147,"R","Action|Drama|War","Sam Peckinpah",119
"Crouching Tiger, Hidden Dragon",2000,14,"PG-13","Action|Drama|Romance","Ang Lee",120
"Crying Freeman",1995,82,"Unrated","Action|Crime|Thriller","Christophe Gans",102
"Dark Blue",2002,8,"R","Crime|Drama|Thriller","Ron Shelton",118
"Das Boot",1981,49,"R","Action|Adventure|Drama","Wolfgang Petersen",149
"Dawn of the Dead",1978,175,"R","Action|Horror","George A. Romero",127
"Dawn of the Dead",2004,131,"R","Action|Horror|Sci-Fi|Thriller","Zack Snyder",101
"Day of the Dead",1985,40,"Unrated","Horror","George A. Romero",96
"Death Rides a Horse",1967,54,"R","Western","Giulio Petroni",114
"Death Sentence",2007,15,"R","Action|Crime|Drama|Thriller","James Wan",105
"Death Wish 3",1985,80,"X","Action|Crime|Drama","Michael Winner",92
"Death Wish 4: The Crackdown",1987,57,"R","Action|Crime|Drama","J. Lee Thompson",99
"Death to Smoochy",2002,3,"R","Comedy|Crime|Drama|Thriller","Danny DeVito",109
"Delta Force 2",1990,92,"R","Action|Adventure|Thriller|War","Aaron Norris",111
"Demolition Man",1993,25,"R","Action|Crime|Sci-Fi|Thriller","Marco Brambilla",115
"Desperado",1995,80,"R","Action|Crime|Thriller","Robert Rodriguez",104
"Diamonds are Forever",1971,29,"GP","Action|Adventure|Crime|Thriller","Guy Hamilton",120
"Die Hard",1988,20,"R","Action|Thriller","John McTiernan",131
"Die Hard 2",1990,37,"R","Action|Thriller","Renny Harlin",124
"Die Hard: With a Vengeance",1995,26,"R","Action|Crime|Thriller","John McTiernan",131
"District 9",2009,71,"R","Action|Sci-Fi|Thriller","Neill Blomkamp",112
"District B13",2004,34,"R","Action|Sci-Fi|Thriller","Pierre Morel",84
"Disturbia",2007,10,"PG-13","Drama|Mystery|Thriller","D.J. Caruso",105
"Domino",2005,51,"R","Action|Biography|Crime|Drama|Thriller","Tony Scott",127
"Donnie Darko",2001,3,"R","Drama|Mystery|Sci-Fi","Richard Kelly",113
"Doom",2005,89,"R","Action|Adventure|Horror","Andrzej Bartkowiak",100
"Doomsday",2008,188,"R","Action|Sci-Fi","Neil Marshall",105
"Dr. No",1962,8,"Approved","Action|Adventure|Crime|Thriller","Terence Young",110
"Dr. Strangelove",1964,33,"PG","Comedy|Sci-Fi|War","Stanley Kubrick",95
"Dracula",1992,94,"R","Drama|Fantasy|Horror","Francis Ford Coppola",128
"Dracula 2000",2000,18,"R","Horror|Thriller","Patrick Lussier",99
"Dune",1984,186,"PG-13","Action|Adventure|Sci-Fi","David Lynch",137
"El Cid",1961,160,"Unrated","Adventure|Biography|Drama","Anthony Mann",182
"El Topo",1970,202,"Unrated","Western","Alejandro Jodorowsky",125
"Enemy at the Gates",2001,174,"R","Drama|History|Thriller","Jean-Jacques Annaud",131
"Equilibrium",2002,236,"R","Action|Drama|Sci-Fi|Thriller","Kurt Wimmer",107
"Eraser",1996,52,"R","Action|Drama|Mystery|Thriller","Chuck Russell",115
"Escape From New York",1981,28,"R","Action|Sci-Fi","John Carpenter",99
"Evil Dead II: Dead by Dawn",1987,8,"X","Comedy|Horror","Sam Raimi",84
"Excalibur",1981,168,"R","Action|Drama|Fantasy","John Boorman",140
"eXistenZ",1999,11,"R","Sci-Fi","David Cronenberg",97
"Exit Wounds",2001,38,"R","Action|Comedy|Crime|Drama|Thriller","Andrzej Bartkowiak",101
"Face/Off",1997,56,"R","Action|Crime|Sci-Fi|Thriller","John Woo",138
"Fair Game",1995,21,"R","Action|Thriller","Andrew Sipes",91
"Fantastic Four: Rise of the Silver Surfer",2007,6,"PG","Action|Fantasy|Sci-Fi|Thriller","Tim Story",92
"Fear and Loathing in Las Vegas",1998,10,"R","Adventure|Comedy","Terry Gilliam",118
"Fearless",2006,5,"PG-13","Action|Biography|Drama|Sport","Ronny Yu",104
"Fight Club",1999,14,"R","Drama","David Fincher",139
"Firewall",2006,5,"PG-13","Crime|Thriller","Richard Loncraine",105
"Flags of Our Fathers",2006,93,"R","Drama|History|War","Clint Eastwood",132
"Fool's Gold",2008,3,"PG-13","Adventure|Comedy|Romance|Thriller","Andy Tennant",112
"For Your Eyes Only",1981,42,"PG","Action|Adventure|Crime|Thriller","John Glen",127
"For a Few Dollars More",1965,42,"M","Western","Sergio Leone",132
"Formula 51",2001,22,"R","Action|Comedy|Crime|Thriller","Ronny Yu",93
"Four Brothers",2005,16,"R","Action|Crime|Drama|Mystery|Thriller","John Singleton",109
"Friday the 13th",2009,14,"R","Horror","Marcus Nispel",97
"From Dusk Till Dawn",1996,122,"R","Action|Crime|Horror","Robert Rodriguez",108
"From Dusk Till Dawn 2: Texas Blood Money",1999,63,"R","Comedy|Crime|Horror","Scott Spiegel",88
"From Russia With Love",1963,21,"Approved","Action|Adventure|Crime|Thriller","Terence Young",115
"Galaxy Quest",1999,32,"PG","Adventure|Comedy|Sci-Fi","Dean Parisot",102
"Gallipoli",1981,85,"PG","Action|Drama|History","Peter Weir",110
"Gangs of New York",2002,109,"R","Crime|Drama|History","Martin Scorsese",167
"Gangster No. 1",2000,7,"R","Crime|Drama|Thriller","Paul McGuigan",103
"Get Carter",2000,5,"R","Action|Crime|Drama|Thriller","Stephen Kay",102
"Ghost Rider",2007,52,"PG-13","Action|Fantasy|Thriller","Mark Steven Johnson",114
"Glory",1989,258,"R","Drama|History|War","Edward Zwick",122
"GoldenEye",1995,57,"PG-13","Action|Crime|Thriller","Martin Campbell",130
"Grindhouse: Death Proof",2007,8,"Unrated","Action|Thriller","Quentin Tarantino",113
"Grindhouse: Double Feature",2007,310,"Unrated","Action|Horror|Thriller","Robert Rodriguez|Eli Roth|Quentin Tarantino|Edgar Wright|Rob Zombie",191
"Grindhouse: Planet Terror",2007,281,"Unrated","Action|Horror","Robert Rodriguez",105
"Hamburger Hill",1987,106,"R","Drama|War|Action","John Irvin",110
"Hamlet",1990,9,"PG","Drama|Romance","Franco Zeffirelli",130
"Hannibal",2001,15,"R","Crime|Drama|Thriller","Ridley Scott",131
"Hard Boiled",1992,307,"R","Action|Crime|Drama|Thriller","John Woo",128
"Hard to Kill",1990,19,"R","Action|Drama|Crime|Thriller","Bruce Malmuth",96
"Harry Potter & the Goblet of Fire",2005,3,"PG-13","Adventure|Family|Fantasy|Mystery","Mike Newell",157
"Heat",1995,18,"R","Action|Crime|Drama|Thriller","Michael Mann",170
"Hellboy",2004,42,"PG-13","Action|Adventure|Fantasy|Sci-Fi","Guillermo del Toro",122
"Hero",2002,152,"PG-13","Action|Drama|History","Yimou Zhang",99
"Hitman",2007,55,"R","Action|Crime|Drama|Thriller","Xavier Gens",89
"Hollow Point",1996,17,"R","Thriller|Comedy|Action","Sidney J. Furie",90
"Hostage",2005,16,"R","Crime|Drama|Mystery|Thriller","Florent-Emilio Siri",113
"Hot Fuzz",2007,29,"R","Action|Comedy","Edgar Wright",121
"Hot Shots!",1991,11,"PG-13","Action|Comedy|War","Jim Abrahams",84
"Hot Shots! Part Deux",1993,114,"PG-13","Action|Comedy|War","Jim Abrahams",86
"House of the Dead",2003,141,"R","Action|Horror|Thriller","Uwe Boll",90
"House on Haunted Hill",1999,30,"R","Horror|Mystery|Thriller","William Malone",93
"I Am Legend",2007,71,"PG-13","Drama|Sci-Fi|Thriller","Francis Lawrence",101
"I, Robot",2004,176,"PG-13","Action|Mystery|Sci-Fi","Alex Proyas",115
"In Bruges",2008,5,"R","Comedy|Crime|Drama|Thriller","Martin McDonagh",107
"In the Name of the King: A Dungeon Siege Tale",2007,329,"PG-13","Action|Adventure|Drama","Uwe Boll",127
"Independence Day",1996,48,"PG-13","Action|Sci-Fi","Roland Emmerich",145
"Indiana Jones & the Kingdom of the Crystal Skull",2008,76,"PG-13","Action|Adventure","Steven Spielberg",122
"Indiana Jones and the Last Crusade",1989,48,"PG-13","Action|Adventure","Steven Spielberg",127
"Indiana Jones and the Temple of Doom",1984,41,"PG","Action|Adventure","Steven Spielberg",118
"Inglourious Basterds",2009,59,"R","Adventure|Drama|War","Quentin Tarantino",153
"Inside Man",2006,13,"R","Crime|Drama|Thriller","Spike Lee",129
"Invasion U.S.A.",1985,146,"R","Action|Thriller","Joseph Zito",107
"Iron Man",2008,57,"PG-13","Action|Adventure|Sci-Fi","Jon Favreau",126
"Jack Brooks: Monster Slayer",2007,15,"R","Action|Comedy|Horror","Jon Knautz",85
"Jackie Brown",1997,4,"R","Crime|Drama|Thriller","Quentin Tarantino",154
"Jason X",2001,27,"R","Horror|Sci-Fi|Thriller","James Isaac",91
"Jumper",2008,7,"PG-13","Action|Adventure|Sci-Fi|Thriller","Doug Liman",88
"Jurassic Park III",2001,6,"PG-13","Action|Adventure|Fantasy|Sci-Fi|Thriller","Joe Johnston",92
"K-19: The Widowmaker",2002,10,"PG-13","Drama|History|Thriller|War","Kathryn Bigelow",138
"Kelly's Heroes",1970,139,"GP","Action|Adventure|Comedy|War","Brian G. Hutton",144
"Keoma",1976,76,"Unrated","Action|Drama|Western","Enzo G. Castellari",105
"Kick-Ass",2010,64,"R","Action|Comedy","Matthew Vaughn",117
"Kill Bill: Vol. 1",2003,95,"R","Action|Crime","Quentin Tarantino",111
"Kill Bill: Vol. 2",2004,3,"R","Action|Crime|Thriller","Quentin Tarantino",137
"King Arthur",2004,378,"R","Action|Adventure|Drama","Antoine Fuqua",126
"King Kong",2005,23,"PG-13","Action|Adventure|Drama|Romance","Peter Jackson",187
"King of New York",1990,38,"X","Crime|Thriller","Abel Ferrara",103
"Kingdom of Heaven",2005,610,"R","Action|Adventure|Drama|History|War","Ridley Scott",144
"Kiss Kiss Bang Bang",2005,15,"R","Action|Comedy|Crime|Mystery","Shane Black",103
"Kung Fu Hustle",2004,20,"R","Action|Comedy|Crime|Fantasy","Stephen Chow",99
"Land of the Dead",2005,217,"R","Horror|Sci-Fi","George A. Romero",93
"Last Action Hero",1993,45,"PG-13","Action|Adventure|Comedy|Family|Fantasy","John McTiernan",130
"Last Man Standing",1996,57,"R","Action|Crime|Drama","Walter Hill",101
"Lawrence of Arabia",1962,180,"PG","Adventure|Biography|Drama","David Lean",216
"Layer Cake",2004,8,"R","Crime|Drama|Thriller","Matthew Vaughn",105
"League of Extraordinary Gentlemen",2003,55,"PG-13","Action|Adventure|Fantasy","Stephen Norrington",110
"Leon",1994,33,"R","Crime|Drama|Thriller","Luc Besson",110
"Leon",1994,33,"R","Crime|Drama|Thriller","Luc Besson",110
"Lethal Weapon",1987,26,"R","Action|Crime|Thriller","Richard Donner",110
"Lethal Weapon 2",1989,33,"Unrated","Action|Thriller","Richard Donner",114
"Lethal Weapon 3",1992,17,"Unrated","Action|Crime|Thriller","Richard Donner",118
"Lethal Weapon 4",1998,30,"R","Action|Crime|Thriller","Richard Donner",127
"Letters from Iwo Jima",2006,84,"R","Drama|History|War","Clint Eastwood",141
"Live and Let Die",1973,11,"PG","Action|Adventure|Crime|Thriller","Guy Hamilton",121
"Lock, Stock and Two Smoking Barrels",1998,16,"R","Crime|Thriller","Guy Ritchie",107
"Lone Wolf McQuade",1983,61,"PG","Action|Crime|Drama","Steve Carver",107
"Lone Wolf and Cub: Baby Cart in the Land of Demons",1973,90,"Unrated","Action|Drama|Thriller","Kenji Misumi",89
"Lone Wolf and Cub: Baby Cart to Hades",1972,102,"R","Action|Drama","Kenji Misumi",89
"Lone Wolf and Cub: Sword of Vengeance",1972,71,"Unrated","Action|Drama","Kenji Misumi",83
"Lone Wolf and Cub: White Heaven in Hell",1974,169,"Unrated","Action|Drama|Fantasy|History","Yoshiyuki Kuroda",83
"Lord of the Rings: Fellowship of the Ring",2001,118,"PG-13","Action|Adventure|Fantasy","Peter Jackson",178
"Lord of the Rings: Return of the King",2003,836,"PG-13","Action|Adventure|Fantasy","Peter Jackson",201
"Lord of the Rings: Two Towers",2002,468,"PG-13","Action|Adventure|Fantasy","Peter Jackson",179
"Lucky Number Slevin",2006,19,"R","Crime|Drama|Mystery","Paul McGuigan",110
"Machete",2010,81,"R","Action|Crime|Thriller","Ethan Maniquis|Robert Rodriguez",105
"Mad Max",1979,9,"R","Action|Adventure|Thriller","George Miller",88
"Mad Max 2: Road Warrior",1981,44,"R","Action|Adventure|Thriller","George Miller",95
"Mad Max Beyond Thunderdome",1985,12,"PG-13","Action|Adventure|Thriller","George Miller|George Ogilvie",107
"Major Dundee",1965,147,"Approved","Adventure|War|Western","Sam Peckinpah",123
"Marked for Death",1990,34,"R","Action|Crime|Drama|Thriller","Dwight H. Little",93
"Master and Commander: The Far Side of the World",2003,122,"PG-13","Action|Adventure|Drama","Peter Weir",138
"Maverick",1994,4,"PG","Action|Adventure|Comedy|Thriller|Western","Richard Donner",127
"Max Payne",2008,38,"PG-13","Action|Crime|Drama|Mystery|Thriller","John Moore",100
"Maximum Risk",1996,18,"R","Action|Adventure|Crime|Thriller","Ringo Lam",101
"McBain",1991,181,"R","Action|Drama","James Glickenhaus",107
"Mean Machine",2001,3,"R","Comedy|Drama|Sport","Barry Skolnick",99
"Memento",2000,4,"R","Mystery|Thriller","Christopher Nolan",113
"Milk",2008,4,"R","Biography|Drama|History","Gus Van Sant",128
"Minority Report",2002,4,"PG-13","Action|Mystery|Sci-Fi|Thriller","Steven Spielberg",145
"Missing in Action",1984,100,"R","Action|Adventure|Drama|Thriller|War","Joseph Zito",101
"Mission: Impossible",1996,9,"PG-13","Action|Adventure|Thriller","Brian De Palma",110
"Mission: Impossible II",2000,37,"PG-13","Action|Adventure|Thriller","John Woo",123
"Mission: Impossible III",2006,23,"PG-13","Action|Adventure|Thriller","J.J. Abrams",126
"Mongol: The Rise of Genghis Khan",2007,200,"R","Biography|Drama|History","Sergey Bodrov",126
"Monty Python and the Holy Grail",1975,48,"PG","Adventure|Comedy|Fantasy","Terry Gilliam|Terry Jones",91
"Mortal Kombat",1995,11,"PG-13","Action|Adventure|Fantasy|Sci-Fi|Thriller","Paul W.S. Anderson",101
"Mr. & Mrs. Smith",2005,43,"PG-13","Action|Comedy|Romance","Doug Liman",120
"Mr. Brooks",2007,9,"R","Crime|Drama|Mystery|Thriller","Bruce A. Evans",120
"Mulan",1998,43,"G","Animation|Adventure|Family","Tony Bancroft|Barry Cook",88
"Munich",2005,49,"R","Drama|History|Thriller","Steven Spielberg",164
"Mutant Chronicles",2008,310,"R","Action|Adventure|Horror","Simon Hunter",111
"My Bloody Valentine 3D",2009,24,"R","Horror|Thriller","Patrick Lussier",101
"Natural Born Killers",1994,98,"R","Crime|Drama","Oliver Stone",118
"Navajo Joe",1966,82,"NR","Western","Sergio Corbucci",93
"Next",2007,53,"PG-13","Action|Sci-Fi|Thriller","Lee Tamahori",96
"Ninja Assassin",2009,137,"R","Action|Crime|Thriller","James McTeigue",99
"No Country for Old Men",2007,22,"R","Crime|Drama|Thriller","Ethan Coen|Joel Coen",122
"Octopussy",1983,46,"PG","Action|Adventure|Crime|Thriller","John Glen",131
"Olympus Has Fallen",2013,156,"R","Action|Thriller","Antoine Fuqua",119
"On Deadly Ground",1994,25,"R","Action|Adventure|Thriller","Steven Seagal",101
"On Her Majesty's Secret Service",1969,26,"M","Action|Adventure|Crime|Romance|Thriller","Peter R. Hunt",142
"Once Upon A Time In Mexico",2003,99,"R","Action|Thriller","Robert Rodriguez",102
"Once a Thief",1991,59,"R","Action|Comedy|Crime","John Woo",103
"Operation Delta Force",1997,120,"R","Action|Thriller","Sam Firstenberg",93
"Out For Justice",1991,20,"R","Action|Thriller|Crime|Drama","John Flynn",91
"Out of Sight",1998,9,"R","Comedy|Crime|Romance|Thriller","Steven Soderbergh",123
"Pan's Labyrinth",2006,30,"R","Drama|Fantasy|War","Guillermo del Toro",118
"Paths of Glory",1957,67,"Approved","Drama|War","Stanley Kubrick",88
"Patriot Games",1992,35,"R","Action|Crime|Drama|Thriller","Phillip Noyce",117
"Patton",1970,199,"GP","Biography|Drama|History","Franklin J. Schaffner",172
"Payback",1999,18,"R","Action|Crime|Drama|Thriller","Brian Helgeland",100
"Pearl Harbor",2001,153,"PG-13","Action|Drama|Romance|War","Michael Bay",183
"Pirates of the Caribbean: At World's End",2007,252,"PG-13","Action|Adventure|Fantasy","Gore Verbinski",169
"Pirates of the Caribbean: Curse of the Black Pearl",2003,42,"PG-13","Action|Adventure|Fantasy","Gore Verbinski",143
"Pirates of the Caribbean: Dead Man's Chest",2006,90,"PG-13","Action|Adventure|Fantasy","Gore Verbinski",151
"Plan 9 from Outer Space",1959,7,"Unrated","Action|Adventure|Horror|Sci-Fi","Edward D. Wood Jr.",79
"Planet of the Apes",2001,99,"PG-13","Action|Adventure|Sci-Fi","Tim Burton",119
"Platoon",1986,160,"R","Action|Drama|War","Oliver Stone",120
"Platoon Leader",1988,106,"R","War|Drama","Aaron Norris",97
"Point of No Return",1993,35,"R","Action|Crime|Thriller","John Badham",109
"Poseidon",2006,214,"PG-13","Action|Adventure|Drama","Wolfgang Petersen",98
"Predator",1987,64,"R","Action|Adventure|Sci-Fi|Thriller","John McTiernan",107
"Prince of Jutland",1994,38,"R","Adventure|Drama","Gabriel Axel",103
"Prince of Jutland",1994,38,"R","Adventure|Drama","Gabriel Axel",103
"Pulp",1972,6,"PG","Comedy|Crime|Drama|Mystery|Thriller","Mike Hodges",95
"Pulp Fiction",1994,10,"R","Crime|Drama|Thriller","Quentin Tarantino",154
"Punisher: War Zone",2008,129,"R","Action|Crime|Drama","Lexi Alexander",103
"Push",2009,24,"PG-13","Action|Sci-Fi|Thriller","Paul McGuigan",111
"Raiders of the Lost Ark",1981,84,"PG","Action|Adventure","Steven Spielberg",115
"Rambo",2008,247,"R","Action|Thriller|War","Sylvester Stallone",92
"Rambo III",1988,127,"R","Action|Adventure|Thriller","Peter MacDonald",102
"Rambo: First",1985,67,"R","Action|War","George P. Cosmatos",96
"Ran",1985,182,"R","Action|Drama|War","Akira Kurosawa",162
"Raw Deal",1986,38,"R","Action|Crime|Thriller","John Irvin",106
"Red Dawn",1984,118,"PG-13","Action|Adventure|Drama","John Milius",114
"Red Planet",2000,4,"PG-13","Sci-Fi|Action|Thriller","Antony Hoffman",106
"Red Scorpion",1989,104,"R","Action|Adventure","Joseph Zito",105
"Red Sonja",1985,96,"PG-13","Action|Adventure|Fantasy","Richard Fleischer",89
"Red Sun",1971,92,"PG","Thriller|Western","Terence Young",112
"Reign of Fire",2002,32,"PG-13","Action|Adventure|Fantasy|Sci-Fi|Thriller","Rob Bowman",101
"Reservoir Dogs",1992,12,"R","Crime|Thriller","Quentin Tarantino",99
"Resident Evil: Apocalypse",2004,123,"R","Action|Horror|Sci-Fi|Thriller","Alexander Witt",94
"Resident Evil: Extinction",2007,124,"R","Action|Horror|Sci-Fi|Thriller","Russell Mulcahy",94
"Riders",2002,6,"R","Action|Crime|Thriller","Gerard Pires",83
"Riders",2002,6,"R","Action|Crime|Thriller","Gerard Pires",83
"Ripley's Game",2002,11,"R","Crime|Drama|Mystery|Thriller","Liliana Cavani",110
"Ritana",2002,91,"R","Action|Adventure|Sci-Fi","Takashi Yamazaki",116
"Road House",1989,7,"R","Action|Thriller","Rowdy Herrington",114
"RoboCop",1987,34,"R","Action|Crime|Sci-Fi","Paul Verhoeven",102
"RocknRolla",2008,11,"R","Action|Crime|Thriller","Guy Ritchie",114
"Romeo is Bleeding",1993,15,"R","Crime|Drama|Thriller","Peter Medak",100
"Ronin",1998,34,"R","Action|Adventure|Crime|Thriller","John Frankenheimer",122
"Running Scared",2006,22,"R","Action|Crime|Drama|Thriller","Wayne Kramer",122
"Sabata",1969,90,"PG-13","Western","Gianfranco Parolini",111
"Sahara",2005,68,"PG-13","Action|Adventure|Comedy|Thriller|War","Breck Eisner",124
"Samurai Assassin",1965,94,"Unrated","Action|Adventure|Drama","Kihachi Okamoto",122
"Samurai I: Musashi Miyamoto",1954,50,"Unrated","Action|Adventure|Biography","Hiroshi Inagaki",93
"Saving Private Ryan",1998,255,"R","Action|Drama|War","Steven Spielberg",169
"Scarface",1983,44,"R","Crime|Drama","Brian De Palma",170
"Schindler's List",1993,98,"R","Biography|Drama|History","Steven Spielberg",195
"Screamers",1995,62,"R","Action|Adventure|Horror","Christian Duguay",108
"Secret Window",2004,4,"PG-13","Mystery|Thriller","David Koepp",96
"Secret of NIMH",1982,12,"G","Animation|Drama|Family|Fantasy|Sci-Fi","Don Bluth",82
"Serenity",2005,74,"PG-13","Action|Adventure|Sci-Fi|Thriller","Joss Whedon",119
"Seven Samurai",1954,65,"Unrated","Action|Drama","Akira Kurosawa",207
"Severance",2006,28,"R","Comedy|Horror|Thriller","Christopher Smith",96
"Shaft",2000,22,"R","Action|Crime|Thriller","John Singleton",99
"Shaun of the Dead",2004,60,"R","Comedy|Horror","Edgar Wright",99
"Shoot 'Em Up",2007,151,"R","Action|Comedy|Crime|Thriller","Michael Davis",86
"Shooter",2007,56,"R","Action|Crime|Drama","Antoine Fuqua",124
"Showdown in",1991,48,"R","Action|Comedy|Crime|Thriller","Mark L. Lester",79
"Shutter Island",2010,171,"R","Drama|Mystery|Thriller","Martin Scorsese",138
"Signs",2002,3,"PG-13","Drama|Sci-Fi|Thriller","M. Night Shyamalan",106
"Silent Trigger",1996,35,"R","Action|Drama|Thriller","Russell Mulcahy",93
"Sin City",2005,53,"R","Crime|Thriller","Frank Miller|Robert Rodriguez|Quentin Tarantino",124
"Sleepy Hollow",1999,25,"R","Adventure|Mystery","Tim Burton",105
"Slither",2006,102,"R","Horror|Sci-Fi","James Gunn",95
"Slumdog Millionaire",2008,8,"R","Drama|Romance|Thriller","Danny Boyle|Loveleen Tandan",120
"Smokin' Aces",2007,47,"R","Action|Crime|Drama|Thriller","Joe Carnahan",109
"Snakes on a Plane",2006,60,"R","Action|Thriller","David R. Ellis",105
"Snatch",2000,26,"R","Crime|Thriller","Guy Ritchie",104
"Soldier",1998,77,"R","Action|Drama|Sci-Fi","Paul W.S. Anderson",99
"Spartan",2004,15,"R","Action|Crime|Drama|Mystery|Thriller","David Mamet",106
"Speed",1994,7,"R","Action|Crime|Thriller","Jan de Bont",116
"Star Trek: First Contact",1996,63,"PG-13","Action|Adventure|Sci-Fi","Jonathan Frakes",111
"Star Trek: Nemesis",2002,54,"PG-13","Action|Adventure|Sci-Fi|Thriller","Stuart Baird",116
"Star Wars I: Phantom Menace",1999,34,"PG","Action|Adventure|Fantasy|Sci-Fi","George Lucas",136
"Star Wars II: Attack of the Clones",2002,55,"PG","Action|Adventure|Fantasy|Sci-Fi","George Lucas",142
"Star Wars III: Revenge of the Sith",2005,115,"PG-13","Action|Adventure|Fantasy|Sci-Fi","George Lucas",140
"Star Wars IV: A New Hope",1977,75,"PG","Action|Adventure|Fantasy|Sci-Fi","George Lucas",121
"Star Wars V: Empire Strikes Back",1980,30,"PG","Action|Adventure|Sci-Fi","Irvin Kershner",124
"Star Wars VI: Return of the Jedi",1983,69,"PG","Action|Adventure|Fantasy|Sci-Fi","Richard Marquand",134
"Stardust",2007,22,"PG-13","Adventure|Family|Fantasy|Romance","Matthew Vaughn",127
"Stargate",1994,51,"PG-13","Action|Adventure|Sci-Fi","Roland Emmerich",121
"Starship Troopers",1997,256,"R","Action|Sci-Fi","Paul Verhoeven",129
"Starship Troopers 3: Marauder",2008,171,"R","Action|Adventure|Sci-Fi","Edward Neumeier",105
"Stone Cold",1991,45,"R","Action|Crime|Drama","Craig R. Baxley",92
"Strange Days",1995,12,"R","Crime|Drama|Mystery|Sci-Fi|Thriller","Kathryn Bigelow",145
"Strange Wilderness",2008,15,"R","Comedy","Fred Wolf",87
"Summer of Sam",1999,10,"R","Crime|Drama|Romance|Thriller","Spike Lee",142
"Sunshine",2007,15,"R","Adventure|Sci-Fi|Thriller","Danny Boyle",107
"Super Mario Bros.",1993,8,"PG","Adventure|Comedy|Family|Fantasy|Sci-Fi","Annabel Jankel|Rocky Morton",104
"Superman Returns",2006,10,"PG-13","Action|Adventure|Fantasy|Sci-Fi","Bryan Singer",154
"Sweeney Todd: The Demon Barber of Fleet Street",2007,12,"R","Drama|Horror|Musical|Thriller","Tim Burton",116
"Sweepers",1998,74,"R","Action|Adventure|Drama","Keoni Waxman",96
"Swordfish",2001,41,"R","Action|Crime|Thriller","Dominic Sena",99
"Syriana",2005,11,"R","Drama|Thriller","Stephen Gaghan",128
"TMNT",2007,206,"PG","Animation|Action|Adventure","Kevin Munroe",87
"Tae Guk Gi: The Brotherhood of War",2004,590,"R","Action|Drama|War","Je-kyu Kang",140
"Take a Hard Ride",1975,65,"PG","Western","Antonio Margheriti",103
"Taken",2008,35,"PG-13","Action|Crime|Thriller","Pierre Morel",93
"Tango & Cash",1989,20,"R","Action|Comedy|Crime|Thriller","Andrey Konchalovskiy|Albert Magnoli",104
"Taxi Driver",1976,4,"R","Crime|Drama","Martin Scorsese",113
"Team America: World Police",2004,79,"R","Action|Adventure|Comedy|Music","Trey Parker",98
"Tears of the Sun",2003,83,"R","Action|Drama|Thriller","Antoine Fuqua",121
"Terminator",1984,34,"R","Action|Sci-Fi","James Cameron",107
"Terminator 2: Judgment Day",1991,23,"R","Action|Sci-Fi|Thriller","James Cameron",137
"Terminator 3: Rise of the Machines",2003,14,"R","Action|Sci-Fi|Thriller","Jonathan Mostow",109
"Texas Rangers",2001,84,"PG-13","Action|Adventure|Drama","Steve Miner",90
"The 13th Warrior",1999,61,"R","Action|Adventure|Fantasy","John McTiernan",102
"The Abominable Dr. Phibes",1971,10,"GP","Fantasy|Horror","Robert Fuest",94
"The Adventures of Ford Fairlane",1990,7,"R","Action|Adventure|Comedy|Music","Renny Harlin",104
"The Alamo",2004,249,"PG-13","Drama|History|War","John Lee Hancock",137
"The Bank Job",2008,4,"R","Crime|Drama|Thriller","Roger Donaldson",111
"The Big Hit",1998,38,"R","Action|Comedy|Crime|Thriller","Kirk Wong",91
"The Big Red One",1980,338,"R","Action|Drama|War","Samuel Fuller",113
"The Black Dahlia",2006,13,"R","Crime|Drama|Mystery|Thriller","Brian De Palma",121
"The Boondock Saints",1999,33,"R","Action|Crime|Thriller","Troy Duffy",108
"The Bourne Identity",2002,8,"PG-13","Action|Mystery|Thriller","Doug Liman",119
"The Bourne Supremacy",2004,9,"PG-13","Action|Crime|Thriller","Paul Greengrass",108
"The Bourne Ultimatum",2007,5,"PG-13","Action|Crime|Thriller","Paul Greengrass",115
"The Chronicles of Narnia: Prince Caspian",2008,170,"PG","Action|Adventure|Family","Andrew Adamson",150
"The Chronicles of Riddick",2004,187,"Unrated","Action|Adventure|Sci-Fi|Thriller","David Twohy",119
"The Constant Gardener",2005,18,"R","Drama|Mystery|Thriller","Fernando Meirelles",129
"The Corruptor",1999,37,"R","Action|Crime|Drama|Mystery|Thriller","James Foley",110
"The Count of Monte Cristo",2002,5,"PG-13","Action|Adventure|Drama|History|Romance|Thriller","Kevin Reynolds",131
"The Crow",1994,35,"R","Action|Fantasy","Alex Proyas",102
"The Crucible",1996,12,"PG-13","Drama|History","Nicholas Hytner",124
"The Dark Knight",2008,36,"PG-13","Action|Crime|Drama|Thriller","Christopher Nolan",152
"The Day After Tomorrow",2004,130,"PG-13","Action|Adventure|Sci-Fi","Roland Emmerich",124
"The Departed",2006,21,"R","Crime|Drama|Thriller","Martin Scorsese",151
"The Devil's Rejects",2005,30,"Unrated","Horror","Rob Zombie",107
"The Evil Dead III:",1993,107,"R","Comedy|Fantasy|Horror","Sam Raimi",81
"The Evil Dead III: Army of Darkness",1993,107,"R","Comedy|Fantasy|Horror","Sam Raimi",81
"The Expendables",2010,203,"R","Action|Adventure|Thriller","Sylvester Stallone",103
"The Fifth Element",1997,80,"PG-13","Action|Adventure|Sci-Fi","Luc Besson",126
"The Fly 2",1989,8,"R","Horror|Sci-Fi","Chris Walas",105
"The Fog",1980,6,"R","Horror","John Carpenter",89
"The French Connection",1971,12,"R","Action|Crime|Thriller","William Friedkin",104
"The Fugitive",1993,5,"PG-13","Action|Adventure|Crime|Mystery|Thriller","Andrew Davis",130
"The Good Shepherd",2006,5,"R","Drama|History|Thriller","Robert De Niro",167
"The Good, the Bad and the Ugly",1966,126,"Approved","Crime|Drama|Mystery","Sergio Leone",161
"The Great Raid",2005,103,"R","Action|Drama|War","John Dahl",132
"The Great Silence",1968,42,"Unrated","Western","Sergio Corbucci",105
"The Guardian",2006,11,"PG-13","Action|Adventure|Drama","Andrew Davis",139
"The Hunt for Red October",1990,7,"PG","Action|Adventure|Thriller","John McTiernan",134
"The Hunted",1995,83,"R","Action|Drama|Thriller","J.F. Lawton",111
"The Hunted",2003,74,"R","Action|Crime|Drama","William Friedkin",94
"The Incredible Hulk",2008,41,"PG-13","Action|Sci-Fi|Thriller","Louis Leterrier",112
"The Incredibles",2004,16,"PG","Animation|Action|Adventure|Family","Brad Bird",115
"The International",2009,18,"R","Action|Crime|Drama|Mystery|Thriller","Tom Tykwer",118
"The Island",2005,12,"PG-13","Action|Adventure|Sci-Fi|Thriller","Michael Bay",136
"The Jackal",1997,11,"R","Action|Adventure|Crime|Thriller","Michael Caton-Jones",124
"The Killer",1989,149,"R","Action|Crime|Thriller","John Woo",111
"The Ladykillers",2004,5,"R","Comedy|Crime|Thriller","Ethan Coen|Joel Coen",104
"The Last Boy Scout",1991,26,"R","Action|Comedy|Crime|Mystery|Thriller","Tony Scott",105
"The Last House on the Left",2009,6,"R","Crime|Drama|Thriller","Dennis Iliadis",110
"The Last Samurai",2003,558,"R","Action|Drama|History|War","Edward Zwick",154
"The Last of the Mohicans",1992,172,"PG-13","Action|Adventure|Drama|History|Romance|War","Michael Mann",112
"The Legend",1993,98,"R","Action|Comedy|History","Corey Yuen",100
"The Legend II",1993,97,"R","Action|Adventure|Comedy","Corey Yuen",95
"The Legend of Zorro",2005,13,"PG-13","Action|Adventure|Western","Martin Campbell",129
"The Long Kiss Goodnight",1996,68,"R","Action|Crime|Drama|Mystery|Thriller","Renny Harlin",121
"The Lookout",2007,7,"R","Crime|Drama|Thriller","Scott Frank",99
"The Lost City",2005,41,"R","Drama","Andy Garcia",144
"The Machine Girl",2008,25,"Unrated","Comedy|Horror|Thriller","Noboru Iguchi",96
"The Magnificent Seven",1960,55,"Approved","Western","John Sturges",128
"The Man with the Golden Gun",1974,6,"PG","Action|Adventure|Crime|Thriller","Guy Hamilton",125
"The Mask of Zorro",1998,26,"PG-13","Action|Adventure|Comedy|Romance|Thriller|Western","Martin Campbell",136
"The Matrix",1999,39,"R","Action|Adventure|Sci-Fi","Andy Wachowski|Lana Wachowski",136
"The Messenger: The Story of Joan of Arc",1999,223,"R","Adventure|Biography|Drama","Luc Besson",148
"The Mist",2007,46,"R","Horror|Sci-Fi|Thriller","Frank Darabont",126
"The Mummy",1999,155,"PG-13","Action|Adventure|Fantasy","Stephen Sommers",125
"The Mummy Returns",2001,137,"PG-13","Action|Adventure|Fantasy","Stephen Sommers",130
"The Musketeer",2001,56,"PG-13","Action|Drama|Adventure|Romance","Peter Hyams",104
"The New World",2005,28,"PG-13","Biography|Drama|History|Romance","Terrence Malick",135
"The Number 23",2007,10,"R","Drama|Mystery|Thriller","Joel Schumacher",101
"The Omen",2006,8,"R","Horror|Mystery|Thriller","John Moore",110
"The Outlaw Josey Wales",1976,120,"PG","Western","Clint Eastwood",135
"The Patriot",1998,42,"R","Action|Thriller","Dean Semler",90
"The Patriot",2000,123,"R","Action|Drama|War","Roland Emmerich",165
"The Phantom of the Opera",2004,3,"PG-13","Drama|Musical|Romance","Joel Schumacher",143
"The Pianist",2002,70,"R","Biography|Drama|History","Roman Polanski",150
"The Prestige",2006,7,"PG-13","Drama|Mystery|Thriller","Christopher Nolan",130
"The Punisher",1989,96,"R","Action|Crime|Drama","Mark Goldblatt",89
"The Punisher",2004,66,"R","Action|Crime|Drama","Jonathan Hensleigh",124
"The Replacement Killers",1998,38,"R","Action|Crime|Drama|Thriller","Antoine Fuqua",87
"The Rock",1996,24,"R","Action|Adventure|Thriller","Michael Bay",136
"The Rundown",2003,46,"PG-13","Action|Adventure|Comedy|Thriller","Peter Berg",104
"The Running Man",1987,41,"R","Action|Sci-Fi|Thriller","Paul Michael Glaser",101
"The Scorpion King",2002,105,"PG-13","Action|Adventure|Fantasy|Thriller","Chuck Russell",92
"The Shawshank Redemption",1994,4,"R","Crime|Drama","Frank Darabont",142
"The Signal",2007,78,"R","Horror|Sci-Fi|Thriller","David Bruckner|Jacob Gentry|Dan Bush",103
"The Silence of the Lambs",1991,8,"R","Crime|Drama|Thriller","Jonathan Demme",118
"The Spy Who Loved Me",1977,73,"PG","Action|Adventure|Crime|Thriller","Lewis Gilbert",125
"The Sword of Doom",1966,119,"Unrated","Action|Drama","Kihachi Okamoto",119
"The Thin Red Line",1998,167,"R","Drama|War","Terrence Malick",170
"The Thing",1982,21,"R","Horror|Mystery|Sci-Fi|Thriller","John Carpenter",109
"The Third Man",1949,4,"Approved","Film-Noir|Mystery|Thriller","Carol Reed",104
"The Transporter",2002,8,"PG-13","Action|Crime|Thriller","Corey Yuen",92
"The Tripper",2006,56,"R","Horror","David Arquette",93
"The Usual Suspects",1995,39,"R","Crime|Mystery|Thriller","Bryan Singer",106
"The Way of the Gun",2000,18,"R","Action|Crime|Drama|Thriller","Christopher McQuarrie",119
"The Wild Bunch",1969,145,"R","Western","Sam Peckinpah",145
"The Yakuza",1974,31,"R","Action|Crime|Drama|Thriller","Sydney Pollack",123
"The Yards",2000,2,"R","Crime|Drama|Romance|Thriller","James Gray",115
"There Will Be Blood",2007,4,"R","Drama","Paul Thomas Anderson",158
"Things to Do in Denver When You're Dead",1995,15,"R","Crime|Drama","Gary Fleder",115
"Three the Hard Way",1974,128,"R","Action|Thriller","Gordon Parks Jr.",89
"Thunderball",1965,47,"Approved","Action|Adventure|Crime|Thriller","Terence Young",130
"Timeline",2003,65,"PG-13","Action|Adventure|Sci-Fi","Richard Donner",116
"Titanic",1997,307,"PG-13","Drama|Romance","James Cameron",194
"To Die For",1995,2,"R","Comedy|Crime|Drama","Gus Van Sant",106
"Tombstone",1993,55,"R","Action|Drama|History|Romance|Western","George P. Cosmatos|Kevin Jarre",130
"Tomorrow Never Dies",1997,55,"PG-13","Action|Adventure|Crime","Roger Spottiswoode",119
"Total Recall",1990,77,"R","Action|Adventure|Sci-Fi","Paul Verhoeven",113
"Transformers",2007,103,"PG-13","Action|Adventure|Sci-Fi","Michael Bay",144
"Transformers: The Movie",1986,47,"PG","Animation|Action|Adventure|Family|Sci-Fi","Nelson Shin",84
"Transporter 2",2005,11,"PG-13","Action|Crime|Thriller","Louis Leterrier",87
"Troy",2004,572,"R","Adventure|Drama","Wolfgang Petersen",163
"True Lies",1994,71,"R","Action|Thriller","James Cameron",141
"True Romance",1993,21,"R","Crime|Thriller","Tony Scott",120
"Two Mules for Sister Sara",1970,107,"M","Adventure|Comedy|War","Don Siegel",116
"UHF",1989,36,"PG-13","Comedy","Jay Levey",97
"Unbreakable",2000,4,"PG-13","Drama|Mystery|Sci-Fi|Thriller","M. Night Shyamalan",106
"Under Siege",1992,65,"R","Action|Thriller","Andrew Davis",103
"Under Siege 2",1995,47,"R","Action|Thriller","Geoff Murphy",100
"Underworld",2003,58,"R","Action|Fantasy|Thriller","Len Wiseman",121
"Underworld: Evolution",2006,75,"R","Action|Fantasy|Sci-Fi|Thriller","Len Wiseman",106
"Universal Soldier",1992,47,"R","Action|Drama|Sci-Fi","Roland Emmerich",102
"Van Helsing",2004,65,"PG-13","Action|Adventure|Fantasy","Stephen Sommers",131
"Waist Deep",2006,6,"R","Action|Crime|Drama|Thriller","Vondie Curtis-Hall",97
"Walk Hard: The Dewey Cox Story",2007,5,"R","Comedy|Drama|Music","Jake Kasdan",96
"Walking Tall",2004,6,"PG-13","Action|Crime","Kevin Bray",86
"Wanted",2008,57,"R","Action|Crime|Thriller","Timur Bekmambetov",110
"War",2007,97,"R","Action|Crime|Thriller","Philip G. Atwell",103
"War of the Worlds",2005,52,"PG-13","Documentary|History","Steven Spielberg",116
"War, Inc.",2008,73,"R","Action|Comedy|Thriller","Joshua Seftel",107
"Warriors of the Wasteland ",1983,89,"R","Action|Sci-Fi|Thriller","Enzo G. Castellari",91
"Wasabi",2001,22,"R","Action|Drama|Comedy|Crime|Thriller","Gerard Krawczyk",94
"Watchmen",2009,77,"R","Action|Drama|Mystery","Zack Snyder",162
"Waterloo",1970,210,"G","Action|Drama|History","Sergey Bondarchuk",123
"Waterworld",1995,67,"PG-13","Action|Adventure|Sci-Fi","Kevin Reynolds",135
"We Were Soldiers",2002,305,"R","Action|Drama|History|War","Randall Wallace",138
"Where Eagles Dare",1968,100,"M","Action|Adventure|War","Brian G. Hutton",158
"Wild Wild West",1999,95,"PG-13","Action|Western|Comedy","Barry Sonnenfield",106
"Windtalkers",2002,389,"R","Action|Drama|War","John Woo",134
"Yojimbo",1961,61,"Unrated","Action|Adventure","Akira Kurosawa",110
"You Kill Me",2007,10,"R","Comedy|Crime|Romance|Thriller","John Dahl",93
"You Only Live Twice",1967,91,"Approved","Action|Adventure|Crime|Thriller","Lewis Gilbert",117
"Zatoichi",2003,81,"R","Action|Comedy|Crime","Takeshi Kitano",116
"Zodiac",2007,3,"R","Crime|Drama|Mystery|Thriller","David Fincher",157
"Zombieland",2009,109,"R","Comedy|Horror","Ruben Fleischer",88
"Zoolander",2001,4,"PG-13","Comedy","Ben Stiller",89
"Zulu",1964,140,"Unrated","Drama|History|War","Cy Endfield",138
